<?xml version="1.0" encoding="UTF-8" standalone="yes"?>
<addon id="skin.estuary.cleanoverlay"
       version="1.0.0"
       name="Estuary Clean Overlay"
       provider-name="ChatGPT">
  <requires>
    <import addon="xbmc.gui" version="5.15.0"/>
    <import addon="skin.estuary" version="3.0.0"/>
  </requires>
  <extension point="xbmc.gui.skin" defaultthemename="Textures.xbt" defaultres="1080i" />
  <extension point="xbmc.addon.metadata">
    <summary>Estuary skin with all video overlays removed</summary>
    <description>This skin hides all playback overlays, including pause icons, seek bars, and time indicators.</description>
    <platform>all</platform>
  </extension>
</addon>
